,baseline_employees,total_employees_post_grant,total_grant_amount
count,2641.0,2641.0,2641.0
mean,4.047330556607346,189.78833775085195,4018690.1174555095
std,4.690540273866827,2078.691983344698,1424324.5349623368
min,1.0,0.0,0.0
25%,3.0,0.0,4000000.0
50%,3.0,0.0,4000000.0
75%,3.0,52.0,4000000.0
max,100.0,85169.0,10000000.0
